,gpas_uw,gpas_w,gpas_max,act_score,sat_score,stanford_admit,hook_admit,competetive,ap_count,ivy_admit,top_25_admit
0,4.0,6.106,7.0,30.0,1490.0,FALSE,1,1,38,FALSE,FALSE
1,2.8,3.0,3.0,,1500.0,FALSE,1,0,24,FALSE,FALSE
2,3.36,3.36,3.36,,1330.0,FALSE,0,1,13,FALSE,TRUE
3,3.99,3.99,3.99,30.0,1520.0,FALSE,0,0,14,FALSE,TRUE
4,3.9,3.9,3.9,,1550.0,FALSE,0,0,35,FALSE,FALSE
5,3.95,4.25,4.25,27.0,1200.0,FALSE,0,0,56,FALSE,FALSE
6,3.9,4.2,4.6,,1370.0,FALSE,0,1,31,FALSE,TRUE
7,3.8,3.8,3.8,34.0,1500.0,FALSE,0,0,4,FALSE,FALSE
8,,,,,,FALSE,0,0,1,FALSE,FALSE
9,3.752,93.8,93.8,36.0,1590.0,FALSE,0,0,2,FALSE,TRUE
10,4.0,4.3,4.56,28.0,1420.0,FALSE,0,0,53,FALSE,FALSE
11,4.0,4.0,4.0,36.0,1590.0,FALSE,0,1,39,FALSE,FALSE
12,3.75,4.25,4.25,32.0,1430.0,FALSE,0,1,28,FALSE,FALSE
13,4.0,4.575,4.575,31.0,1450.0,TRUE,1,0,16,FALSE,TRUE
14,4.15,4.15,4.15,,1340.0,FALSE,0,1,9,FALSE,FALSE
15,3.93,3.93,3.93,31.0,1400.0,FALSE,0,0,50,FALSE,FALSE
16,3.47,3.5,3.5,,1420.0,FALSE,0,1,22,FALSE,FALSE
17,3.55,4.2,4.2,,,FALSE,0,0,5,FALSE,TRUE
18,3.95,4.8,5.3,35.0,1550.0,FALSE,0,1,35,TRUE,TRUE
19,3.75,4.218,4.218,,,FALSE,1,0,38,TRUE,TRUE
20,3.83,3.83,3.83,,1490.0,FALSE,1,1,52,FALSE,FALSE
21,3.77,4.33,4.33,,1590.0,FALSE,0,1,15,FALSE,FALSE
22,4.0,4.6,4.6,36.0,1560.0,FALSE,0,0,41,FALSE,FALSE
23,3.8,3.97,3.97,,1590.0,FALSE,0,1,29,FALSE,FALSE
24,3.7,4.6,4.6,,1540.0,FALSE,0,0,5,FALSE,FALSE
25,3.93,4.0,4.0,,,FALSE,1,0,11,FALSE,TRUE
26,4.0,4.0,4.0,32.0,1540.0,FALSE,0,0,20,FALSE,FALSE
27,3.9,4.6,4.6,,1540.0,FALSE,0,1,16,TRUE,TRUE
28,3.95,3.95,3.95,36.0,1440.0,FALSE,0,1,6,FALSE,FALSE
29,3.963,4.33,4.333,,,FALSE,1,1,10,FALSE,TRUE
30,4.5,4.5,4.5,,1580.0,FALSE,1,0,34,TRUE,TRUE
31,,,,28.0,1300.0,FALSE,0,0,12,FALSE,TRUE
32,3.3,4.0,4.0,,,FALSE,0,1,26,FALSE,FALSE
33,3.4,4.0,4.0,32.0,1460.0,FALSE,1,0,23,FALSE,FALSE
34,3.6,4.3,4.3,35.0,1500.0,FALSE,0,0,3,FALSE,FALSE
35,3.94,4.29,4.71,31.0,1490.0,FALSE,1,1,37,TRUE,TRUE
36,,,,,1470.0,FALSE,0,1,8,TRUE,TRUE
37,3.78,4.2,4.2,35.0,1540.0,FALSE,0,0,17,FALSE,FALSE
38,3.7,4.0,4.0,,1530.0,FALSE,1,1,24,FALSE,TRUE
39,3.83,3.98,3.98,,,FALSE,0,1,15,FALSE,FALSE
40,3.85,4.2,4.2,,1550.0,FALSE,1,0,34,FALSE,FALSE
41,3.75,4.55,4.55,,1550.0,FALSE,1,1,35,FALSE,FALSE
42,4.0,4.6,4.6,,,FALSE,1,0,13,TRUE,TRUE
43,,,,,,FALSE,1,0,28,FALSE,FALSE
44,4.0,4.5,4.5,,1550.0,FALSE,0,1,17,FALSE,FALSE
45,4.0,4.8,4.8,,1600.0,TRUE,1,1,6,TRUE,TRUE
46,3.2,4.0,4.0,,1490.0,FALSE,0,1,17,TRUE,TRUE
47,3.89,4.86,4.86,,1540.0,TRUE,1,1,38,TRUE,TRUE
48,4.0,4.0,4.0,35.0,1540.0,TRUE,1,0,37,TRUE,TRUE
49,4.5,4.5,4.52,,,FALSE,1,0,13,FALSE,TRUE
50,3.4,3.98,3.98,34.0,1500.0,FALSE,0,0,22,FALSE,FALSE
51,4.0,4.85,4.85,24.0,1180.0,FALSE,1,0,63,FALSE,TRUE
52,,,,,,FALSE,0,0,0,FALSE,FALSE
53,3.6,4.0,4.0,,,FALSE,0,0,14,FALSE,FALSE
54,,,,,,FALSE,1,0,0,FALSE,FALSE
55,3.93,4.23,4.36,,1500.0,FALSE,0,1,9,FALSE,TRUE
56,3.8848,97.12,97.12,,,FALSE,0,0,5,FALSE,TRUE
57,4.7,4.7,4.7,28.0,1490.0,FALSE,0,1,11,FALSE,FALSE
58,3.93,4.4,4.4,,,FALSE,0,0,13,FALSE,TRUE
59,3.9,4.8,4.8,,1570.0,FALSE,0,1,42,FALSE,TRUE
60,3.8,4.4,4.4,,,FALSE,0,0,31,TRUE,TRUE
61,,,,,,FALSE,0,1,6,FALSE,FALSE
62,3.89,4.35,4.35,,,FALSE,0,1,20,FALSE,FALSE
63,4.0,4.0,4.0,,,FALSE,0,0,29,FALSE,TRUE
64,4.95,4.95,5.0,,1460.0,FALSE,0,0,4,FALSE,FALSE
65,,,,,,FALSE,0,0,4,FALSE,FALSE
66,4.0,4.3,4.3,35.0,1540.0,FALSE,0,1,31,TRUE,TRUE
67,4.13,4.13,4.13,33.0,1460.0,FALSE,0,0,6,TRUE,TRUE
68,,,,,,FALSE,0,0,4,FALSE,FALSE
69,3.238,3.238,3.238,,,FALSE,0,0,3,FALSE,FALSE
70,,,,,,FALSE,0,0,0,FALSE,FALSE
71,,,,,1600.0,FALSE,0,0,17,FALSE,TRUE
72,,,,,,FALSE,0,0,0,FALSE,FALSE
73,3.97,3.97,3.97,,,FALSE,0,0,4,TRUE,TRUE
74,4.6,4.6,4.83,35.0,1400.0,FALSE,0,0,20,TRUE,TRUE
75,4.41,4.41,4.41,35.0,1540.0,FALSE,0,0,12,FALSE,FALSE
76,4.1,4.1,4.6,33.0,1460.0,FALSE,0,1,13,FALSE,FALSE
77,4.0,4.61,4.61,35.0,1570.0,FALSE,0,0,5,FALSE,FALSE
78,3.99,4.4,4.6,34.0,1500.0,FALSE,0,1,19,FALSE,FALSE
79,3.93,5.2,5.2,36.0,1540.0,FALSE,0,0,18,TRUE,TRUE
80,,,,,1600.0,FALSE,0,0,0,FALSE,FALSE
81,3.95,3.95,3.95,32.0,1430.0,FALSE,0,0,21,FALSE,TRUE
82,3.2,4.0,4.0,30.0,1370.0,FALSE,0,0,11,TRUE,TRUE
83,3.8,3.8,3.8,,1480.0,FALSE,0,0,7,FALSE,FALSE
84,,,,,,FALSE,0,0,0,FALSE,FALSE
85,4.2,4.2,4.2,35.0,1480.0,FALSE,0,0,9,FALSE,FALSE
86,,,,,,FALSE,0,0,5,FALSE,TRUE
87,3.0,3.5,3.5,,1370.0,FALSE,0,0,5,FALSE,FALSE
88,3.8,4.0,4.0,,,FALSE,0,0,24,FALSE,FALSE
89,3.88,3.88,3.88,,1560.0,FALSE,0,1,1,TRUE,TRUE
90,3.8,4.18,4.18,,1560.0,FALSE,1,0,14,FALSE,FALSE
91,3.94,4.44,4.44,,1530.0,TRUE,0,0,9,FALSE,TRUE
92,3.9,3.9,3.9,35.0,1540.0,FALSE,0,0,11,FALSE,FALSE
93,3.83,4.4,4.4,33.0,1460.0,FALSE,0,0,17,FALSE,FALSE
94,,,,,,FALSE,0,0,0,FALSE,FALSE
95,3.852,96.3,96.3,,,FALSE,0,0,16,FALSE,FALSE
96,,,,,,FALSE,0,0,0,FALSE,FALSE
97,3.88,4.37,4.37,32.0,1430.0,FALSE,0,0,13,FALSE,FALSE
98,4.0,4.58,4.58,,,FALSE,0,0,7,FALSE,TRUE
99,3.51,4.2,4.2,,,FALSE,0,1,29,FALSE,FALSE
100,3.72,4.0,4.0,,1550.0,FALSE,0,0,8,FALSE,FALSE
101,3.95,4.33,4.33,,1560.0,FALSE,0,0,4,FALSE,TRUE
102,,,,,,FALSE,0,0,3,FALSE,FALSE
103,3.7,4.4,4.4,33.0,1400.0,FALSE,0,0,21,FALSE,FALSE
104,3.75,3.75,3.75,,1390.0,FALSE,0,0,7,FALSE,FALSE
105,3.94,3.94,3.94,,1550.0,FALSE,0,0,13,FALSE,FALSE
106,3.75,4.01,4.01,36.0,1590.0,FALSE,0,0,7,FALSE,FALSE
107,,,,,,FALSE,0,0,0,FALSE,FALSE
108,,,,,,FALSE,0,0,0,FALSE,FALSE
109,,,,,,FALSE,0,0,0,FALSE,FALSE
110,,,,,,FALSE,0,0,4,FALSE,FALSE
111,3.665,3.665,3.665,,,FALSE,0,0,5,FALSE,FALSE
112,3.6,4.4,4.4,30.0,1410.0,FALSE,0,1,22,FALSE,FALSE
113,,,,,,FALSE,0,0,23,FALSE,TRUE
114,4.0,4.82,4.82,,1590.0,FALSE,0,0,0,FALSE,FALSE
115,,,,,,FALSE,0,1,30,FALSE,TRUE
116,,,,,,FALSE,0,0,0,FALSE,FALSE
117,4.0,4.83,4.83,,1570.0,FALSE,0,1,1,FALSE,FALSE
118,,,,34.0,1500.0,FALSE,0,1,29,FALSE,TRUE
119,3.95,4.44,4.44,34.0,1550.0,FALSE,0,0,4,FALSE,FALSE
120,,,,,,FALSE,0,0,32,FALSE,TRUE
121,,,,,,FALSE,0,0,0,FALSE,FALSE
122,,,,,,FALSE,0,0,0,FALSE,FALSE
123,3.95,4.2,4.2,,1530.0,FALSE,0,0,19,FALSE,TRUE
124,3.748,93.7,96.98,35.0,1540.0,FALSE,0,0,0,FALSE,FALSE
125,3.932,98.3,98.3,,,FALSE,0,0,19,FALSE,FALSE
126,6.73,6.73,6.73,,1430.0,FALSE,0,0,8,FALSE,FALSE
127,4.0,5.76,6.0,31.0,1400.0,FALSE,0,0,20,FALSE,FALSE
128,,,,,,FALSE,0,0,4,FALSE,FALSE
129,,,,,,FALSE,0,0,36,FALSE,FALSE
130,3.99,3.99,3.99,,1520.0,FALSE,0,0,0,FALSE,FALSE
131,3.83,4.0,4.0,31.0,1400.0,FALSE,0,0,0,FALSE,FALSE
132,,,,,1430.0,FALSE,0,0,0,FALSE,FALSE
133,3.2,4.33,4.33,,,FALSE,0,0,32,FALSE,TRUE
134,4.0,4.0,4.0,,,FALSE,0,1,32,FALSE,FALSE
135,,,,,,FALSE,0,0,18,FALSE,TRUE
136,4.0,5.05,5.05,,,FALSE,0,0,28,TRUE,TRUE
137,3.667,3.742,3.742,,,FALSE,0,0,6,TRUE,TRUE
138,,,,,,FALSE,0,0,0,FALSE,FALSE
139,3.95,4.73,4.73,,1550.0,FALSE,0,1,24,TRUE,TRUE
140,,,,,,FALSE,0,1,11,FALSE,FALSE
141,3.8,3.8,3.8,,,FALSE,0,0,0,FALSE,FALSE
142,3.92,3.92,3.92,36.0,1590.0,FALSE,0,1,36,FALSE,TRUE
143,,,,,,FALSE,0,0,0,FALSE,FALSE
144,,,,32.0,1450.0,FALSE,0,1,5,FALSE,FALSE
145,3.97,4.33,4.33,,1430.0,FALSE,0,1,61,FALSE,FALSE
146,,,,,,FALSE,0,0,0,FALSE,FALSE
147,,,,,,FALSE,1,1,12,TRUE,TRUE
148,3.84,4.2,4.44,33.0,1350.0,FALSE,0,0,17,FALSE,TRUE
149,4.0,4.55,4.55,33.0,1450.0,FALSE,0,1,0,FALSE,FALSE
150,3.8,4.5,4.5,,1580.0,FALSE,0,0,0,FALSE,FALSE
151,3.9,3.9,3.9,,,FALSE,0,0,39,FALSE,FALSE
152,4.42,4.42,4.42,,1540.0,FALSE,0,1,4,FALSE,FALSE
153,4.0,4.3,4.3,,1550.0,TRUE,0,0,13,FALSE,TRUE
154,,,,,,FALSE,0,0,20,FALSE,FALSE
155,,,,,,FALSE,0,0,9,FALSE,TRUE
156,,,,32.0,1440.0,FALSE,0,0,17,TRUE,TRUE
157,4.0,4.0,4.0,35.0,1540.0,FALSE,0,0,2,FALSE,FALSE
158,3.6,3.92,3.92,,1560.0,FALSE,0,0,0,FALSE,FALSE
159,,,,,,FALSE,0,0,6,FALSE,FALSE
160,4.0,4.83,4.83,,,FALSE,0,0,23,TRUE,TRUE
161,4.0,4.8,4.8,,,FALSE,0,0,15,FALSE,TRUE
162,,,,,,FALSE,0,1,0,FALSE,FALSE
163,3.94,3.94,3.94,32.0,1430.0,FALSE,0,0,18,TRUE,TRUE
164,3.6,3.65,3.65,,,FALSE,0,0,5,TRUE,TRUE
165,,,,,,FALSE,0,0,12,FALSE,FALSE
166,,,,,,FALSE,0,0,9,FALSE,FALSE
167,3.51,4.1,4.1,,,FALSE,0,0,3,FALSE,FALSE
168,3.283,4.083,4.083,35.0,1540.0,FALSE,0,0,0,FALSE,FALSE
169,3.92,4.4,4.4,,1560.0,FALSE,0,0,4,FALSE,FALSE
170,,,,,,FALSE,0,1,7,FALSE,FALSE
171,3.5,3.5,3.5,27.0,1280.0,FALSE,1,0,26,FALSE,FALSE
172,,,,,,FALSE,0,0,34,FALSE,FALSE
173,,,,30.0,1370.0,FALSE,0,0,0,FALSE,FALSE
174,,,,,,FALSE,0,0,2,FALSE,FALSE
175,3.84,4.2,5.0,35.0,1540.0,FALSE,0,0,0,FALSE,FALSE
176,3.89,4.67,5.0,,,FALSE,0,0,28,FALSE,FALSE
177,,,,33.0,1460.0,FALSE,0,0,0,FALSE,FALSE
178,,,,,,TRUE,0,0,25,TRUE,TRUE
179,3.98,4.11,4.11,30.0,1420.0,FALSE,0,0,22,FALSE,FALSE
180,3.5780000000000000,3.5780000000000000,3.5780000000000000,,1480.0,FALSE,0,0,6,FALSE,FALSE
181,,,,,,FALSE,0,0,1,FALSE,FALSE
182,3.9,3.9,3.9,35.0,1540.0,FALSE,0,0,10,FALSE,FALSE
183,4.0,4.0,4.0,,,FALSE,0,1,11,FALSE,FALSE
184,3.53,4.03,4.03,,1580.0,FALSE,0,0,0,FALSE,FALSE
185,3.7,4.2,4.5,,,FALSE,0,0,6,FALSE,TRUE
186,,,,,,FALSE,0,0,3,FALSE,TRUE
187,3.97,4.37,4.37,,1510.0,FALSE,0,0,7,FALSE,FALSE
188,,,,,,FALSE,0,1,19,FALSE,FALSE
189,,,,,,FALSE,0,0,0,FALSE,FALSE
190,3.8,4.4,4.4,,,FALSE,0,1,21,FALSE,FALSE
191,3.83,4.38,4.38,,,FALSE,0,0,1,FALSE,FALSE
192,,,,,,FALSE,0,0,0,FALSE,FALSE
193,,,,,1490.0,FALSE,0,0,5,FALSE,FALSE
194,4.48,4.48,4.48,33.0,1600.0,FALSE,0,1,23,FALSE,FALSE
195,5.44,5.44,6.0,28.0,1350.0,FALSE,0,0,0,FALSE,FALSE
196,3.7,3.7,3.7,,,FALSE,0,0,1,FALSE,FALSE
197,,,,,,FALSE,0,0,24,FALSE,FALSE
198,4.0,4.0,4.0,35.0,1540.0,FALSE,0,0,15,FALSE,FALSE
199,3.94,98.5,98.5,,,FALSE,0,0,4,FALSE,FALSE
200,,,,,,FALSE,1,0,67,FALSE,FALSE
201,,,,,,FALSE,0,0,65,FALSE,TRUE
202,3.95,3.95,3.95,34.0,1560.0,FALSE,0,0,9,FALSE,FALSE
203,4.543,4.543,4.543,,,FALSE,0,0,0,FALSE,FALSE
204,,,,,,FALSE,0,0,0,FALSE,FALSE
205,,,,,,FALSE,0,0,15,FALSE,FALSE
206,,,,,,FALSE,0,0,19,FALSE,TRUE
207,3.9544,98.86,98.86,,,FALSE,0,0,0,FALSE,FALSE
208,,,,,,FALSE,0,0,0,FALSE,FALSE
209,4.0,4.48,4.48,35.0,1580.0,FALSE,0,0,0,FALSE,FALSE
210,3.9,4.1,4.1,,,FALSE,0,0,7,TRUE,TRUE
211,,,,,,FALSE,0,0,0,FALSE,FALSE
212,,,,,,FALSE,0,1,16,FALSE,FALSE
213,4.34,4.34,6.88,38.0,1520.0,FALSE,0,1,32,FALSE,FALSE
214,4.34,4.34,6.88,38.0,1520.0,FALSE,0,1,0,FALSE,FALSE
215,,,,36.0,1580.0,FALSE,0,0,0,FALSE,TRUE
216,3.98,4.55,4.55,,,FALSE,0,1,14,TRUE,TRUE
217,4.0,4.85,4.85,,1590.0,FALSE,0,1,14,TRUE,TRUE
218,4.0,4.0,4.0,26.0,1240.0,FALSE,0,0,19,TRUE,TRUE
219,,,,,,FALSE,0,0,35,FALSE,FALSE
220,5.54,5.54,6.0,,,FALSE,0,0,24,TRUE,TRUE
221,4.0,4.6,4.6,,1540.0,FALSE,0,0,13,FALSE,FALSE
222,3.8,3.8,3.8,36.0,1590.0,FALSE,0,1,4,FALSE,FALSE
223,5.17,5.17,5.17,34.0,1510.0,FALSE,0,1,14,FALSE,FALSE
224,4.0,4.0,4.0,,1300.0,FALSE,0,0,16,FALSE,FALSE
225,3.98,4.294,4.294,32.0,1430.0,FALSE,0,0,2,FALSE,FALSE
226,,,,,,FALSE,0,0,30,FALSE,FALSE
227,4.98,4.98,5.84,,,FALSE,0,0,20,FALSE,FALSE
228,,,,,,FALSE,0,0,16,FALSE,FALSE
229,3.906,97.65,97.65,,1560.0,FALSE,0,0,28,FALSE,FALSE
230,4.0,4.0,4.0,,1510.0,FALSE,0,1,36,FALSE,FALSE
231,,,,,,FALSE,0,1,11,FALSE,FALSE
232,4.48,4.48,4.48,,,FALSE,0,0,33,FALSE,TRUE
233,,,,30.0,1370.0,FALSE,0,0,10,TRUE,TRUE
234,3.8664,96.66,96.66,,1530.0,FALSE,0,0,3,TRUE,TRUE
235,3.9,3.9,3.9,,1550.0,FALSE,0,1,36,FALSE,FALSE
236,3.99,3.99,3.99,35.0,1540.0,FALSE,0,0,3,FALSE,FALSE
237,,,,,,FALSE,0,1,17,FALSE,FALSE
238,4.0,97.231,97.231,,1550.0,FALSE,0,0,10,TRUE,TRUE
239,3.98,4.32,4.32,,1530.0,FALSE,0,1,18,FALSE,FALSE
240,3.93,4.85,4.85,,1560.0,FALSE,0,0,0,FALSE,FALSE
241,4.75,4.75,4.75,,1590.0,FALSE,0,1,71,FALSE,FALSE
242,3.9,4.0,4.0,,,FALSE,1,1,24,FALSE,TRUE
243,3.98,4.25,4.25,27.0,1280.0,FALSE,1,0,15,TRUE,TRUE
244,3.85,4.6,4.6,36.0,1590.0,FALSE,0,1,39,FALSE,FALSE
245,4.0,5.555,6.0,,1590.0,FALSE,0,1,42,FALSE,FALSE
246,3.952,98.8,98.8,,1460.0,FALSE,0,0,13,FALSE,FALSE
247,,,,,,FALSE,0,1,10,TRUE,TRUE
248,4.57,4.57,4.57,,,FALSE,0,1,13,TRUE,TRUE
249,3.79,4.0,4.0,,,FALSE,0,0,11,FALSE,FALSE
250,,,,,1450.0,FALSE,1,1,35,FALSE,FALSE
251,3.9,4.6,4.6,,,FALSE,0,0,16,FALSE,TRUE
252,4.0,4.1160000000000000,4.1160000000000000,,,FALSE,0,0,4,FALSE,FALSE
253,,,,,,FALSE,0,0,18,FALSE,FALSE
254,3.7760000000000000,94.4,94.4,36.0,1250.0,FALSE,0,1,23,FALSE,TRUE
255,,,,,,FALSE,0,0,29,FALSE,FALSE
256,,,,,,FALSE,0,0,0,FALSE,FALSE
257,4.0,4.7,4.7,36.0,1560.0,FALSE,0,1,39,FALSE,FALSE
258,4.0,4.75,4.75,33.0,1460.0,FALSE,0,0,1,FALSE,FALSE
259,3.97,4.44,4.44,,1590.0,FALSE,0,1,8,FALSE,FALSE
260,,,,,,FALSE,0,1,9,FALSE,FALSE
261,4.0,4.48,4.48,35.0,1560.0,FALSE,0,0,20,FALSE,TRUE
262,,,,,1420.0,FALSE,0,1,19,FALSE,TRUE
263,3.98,4.6,4.6,33.0,1460.0,FALSE,0,0,0,FALSE,FALSE
264,,,,,,TRUE,0,0,47,TRUE,TRUE
265,3.77,3.77,3.77,31.0,1460.0,FALSE,0,0,12,FALSE,TRUE
266,,,,,,FALSE,0,1,11,FALSE,FALSE
267,4.0,4.621,4.621,,,FALSE,0,0,0,FALSE,FALSE
268,3.98,4.4,5.0,34.0,1500.0,FALSE,0,0,30,FALSE,FALSE
269,3.84,4.46,4.46,34.0,1310.0,FALSE,0,0,0,FALSE,FALSE
270,,,,,,FALSE,1,1,23,FALSE,TRUE
271,4.0,4.77,4.77,,1600.0,FALSE,0,1,56,FALSE,FALSE
272,,,,,,FALSE,0,0,8,TRUE,TRUE
273,4.0,4.4,4.4,24.0,1140.0,FALSE,0,0,0,FALSE,FALSE
274,4.0,4.41,4.41,36.0,1590.0,FALSE,0,0,26,FALSE,TRUE
275,,,,35.0,1530.0,FALSE,0,0,1,FALSE,FALSE
276,4.0,4.6,4.6,,,FALSE,1,1,27,FALSE,FALSE
277,,,,,,FALSE,1,1,23,FALSE,FALSE
278,,,,,,FALSE,0,0,25,TRUE,TRUE
279,3.99,3.99,3.99,,,FALSE,0,1,21,FALSE,TRUE
280,4.0,4.15,4.56,,,FALSE,0,0,1,FALSE,FALSE
281,4.0,4.0,4.0,30.0,1370.0,FALSE,0,0,0,FALSE,FALSE
282,,,,35.0,1550.0,FALSE,0,1,19,FALSE,FALSE
283,,,,27.0,1490.0,FALSE,0,0,19,FALSE,FALSE
284,3.94,4.0,4.0,,1520.0,FALSE,0,0,15,FALSE,FALSE
285,4.0,4.74,4.74,,,FALSE,0,0,19,FALSE,FALSE
286,4.0,6.19,6.19,,,TRUE,0,1,15,FALSE,TRUE
287,,,,32.0,1280.0,FALSE,0,0,7,FALSE,FALSE
288,3.9,4.3,4.3,,,FALSE,0,0,13,FALSE,FALSE
289,3.9,4.3,4.3,29.0,1340.0,FALSE,0,1,37,FALSE,FALSE
290,3.98,4.48,4.48,,,FALSE,0,0,12,TRUE,TRUE
291,3.944,98.6,98.6,32.0,1480.0,FALSE,0,0,28,FALSE,FALSE
292,3.48,3.96,3.96,,,FALSE,0,0,27,FALSE,FALSE
293,3.7,4.63,4.63,,,FALSE,0,0,20,FALSE,FALSE
294,3.85,4.113,4.113,,,FALSE,0,0,5,FALSE,FALSE
295,3.8,3.8,3.8,,1530.0,FALSE,0,1,73,FALSE,FALSE
296,3.8,3.8,3.8,,,FALSE,0,0,13,FALSE,FALSE
297,4.14,4.14,4.3,,,FALSE,0,0,19,FALSE,FALSE
298,,,,,,FALSE,0,0,5,FALSE,TRUE
299,3.7,4.0,4.0,,,FALSE,0,1,3,FALSE,FALSE
300,,,,,,TRUE,0,0,39,FALSE,TRUE
301,,,,33.0,1460.0,FALSE,0,0,7,TRUE,TRUE
302,,,,28.0,1310.0,FALSE,0,1,7,FALSE,TRUE
303,,,,,,FALSE,0,0,0,FALSE,FALSE
304,3.73,4.03,4.08,,,FALSE,0,0,14,FALSE,TRUE
305,3.95,4.505,4.505,,,FALSE,0,0,13,FALSE,FALSE
306,,,,,1580.0,FALSE,0,0,0,FALSE,FALSE
307,3.98,4.45,4.45,,,FALSE,0,1,16,FALSE,TRUE
308,3.96,4.54,4.54,,1210.0,FALSE,0,0,14,TRUE,TRUE
309,3.98,4.7,4.7,,1510.0,FALSE,0,0,3,FALSE,FALSE
310,4.0,4.0,4.0,30.0,1430.0,FALSE,0,0,10,TRUE,TRUE
311,,,,,,FALSE,0,0,2,FALSE,FALSE
312,,,,,,FALSE,1,0,7,FALSE,FALSE
313,,,,,1590.0,FALSE,0,0,11,FALSE,FALSE
314,4.0,4.67,4.67,35.0,1560.0,FALSE,0,0,30,FALSE,FALSE
315,,,,,,FALSE,0,0,11,FALSE,FALSE
316,4.0,5.5920000000000000,5.5920000000000000,,,FALSE,0,0,9,FALSE,FALSE
317,3.8936,97.34,97.34,,,TRUE,0,0,57,FALSE,TRUE
318,4.0,4.0,4.0,,,FALSE,0,0,2,FALSE,FALSE
319,3.8,4.2,4.2,,,FALSE,0,1,38,TRUE,TRUE
320,3.96,3.96,3.96,,1560.0,FALSE,0,1,6,FALSE,FALSE
321,4.0,4.0,4.0,35.0,1540.0,FALSE,0,0,5,FALSE,FALSE
322,,,,35.0,1540.0,FALSE,0,0,27,FALSE,FALSE
323,3.96,3.96,3.96,,,FALSE,1,0,17,FALSE,FALSE
324,,,,,,FALSE,0,0,6,TRUE,TRUE
325,,,,,,FALSE,0,0,4,FALSE,FALSE
326,3.8188,95.47,95.47,,,FALSE,1,0,33,TRUE,TRUE
327,3.74,4.32,4.32,35.0,1490.0,FALSE,0,0,0,FALSE,FALSE
328,,,,,,FALSE,0,0,7,FALSE,FALSE
329,,,,,1580.0,FALSE,0,1,6,FALSE,FALSE
330,,,,,,FALSE,0,1,25,FALSE,FALSE
331,,,,,,FALSE,0,0,0,FALSE,TRUE
332,,,,,,FALSE,0,0,4,FALSE,FALSE
333,3.83,4.12,4.48,32.0,1430.0,FALSE,0,0,0,FALSE,FALSE
334,3.56,3.56,3.56,32.0,1390.0,FALSE,0,0,0,FALSE,FALSE
335,3.9,4.33,4.33,,,FALSE,0,0,3,FALSE,FALSE
336,,,,,,FALSE,0,0,18,FALSE,FALSE
337,3.93,3.93,3.93,,1570.0,FALSE,0,0,7,FALSE,FALSE
338,,,,,1500.0,FALSE,0,1,8,FALSE,FALSE
339,3.92,4.25,4.25,34.0,1460.0,FALSE,0,0,7,FALSE,FALSE
340,,,,,,FALSE,1,1,16,TRUE,TRUE
341,,,,,,FALSE,0,0,11,FALSE,FALSE
342,3.3,3.3,3.3,,,FALSE,0,0,15,TRUE,TRUE
343,,,,,,FALSE,0,0,0,FALSE,FALSE
344,3.8,3.8,3.8,,,FALSE,0,1,25,FALSE,TRUE
345,,,,,,FALSE,0,0,0,FALSE,FALSE
346,3.98,4.422,4.422,32.0,1430.0,FALSE,0,0,9,FALSE,FALSE
347,,,,,,FALSE,0,0,0,FALSE,FALSE
348,3.8,4.3,5.22,27.0,1280.0,FALSE,0,0,11,FALSE,FALSE
349,,,,,,FALSE,0,0,0,FALSE,FALSE
350,3.98,3.98,3.98,29.0,1320.0,FALSE,0,0,40,FALSE,TRUE
351,,,,,,FALSE,0,0,6,FALSE,FALSE
352,,,,,,FALSE,1,1,15,FALSE,FALSE
353,3.98,4.35,4.35,,1160.0,FALSE,0,0,0,FALSE,TRUE
354,,,,,1410.0,FALSE,0,0,16,FALSE,FALSE
355,4.23,4.23,4.23,33.0,1460.0,FALSE,0,0,14,FALSE,FALSE
356,,,,,,FALSE,0,0,6,FALSE,FALSE
357,,,,,,FALSE,0,0,13,FALSE,FALSE
358,3.94,3.94,3.94,36.0,1590.0,FALSE,0,0,36,FALSE,FALSE
359,3.864,96.6,96.6,,,FALSE,0,0,18,FALSE,TRUE
360,,,,,,FALSE,0,0,0,FALSE,FALSE
361,3.95,4.5,4.5,31.0,1400.0,FALSE,0,0,0,FALSE,FALSE
362,,,,34.0,1500.0,FALSE,0,0,0,FALSE,FALSE
363,3.91,4.75,4.75,,1000.0,FALSE,0,0,2,FALSE,TRUE
364,,,,,,FALSE,1,0,7,FALSE,TRUE
365,4.0,4.5,4.5,,1590.0,FALSE,0,0,0,FALSE,FALSE
366,4.0,4.0,4.0,,1360.0,FALSE,0,1,27,FALSE,TRUE
367,4.0,4.0,4.0,34.0,1520.0,FALSE,0,0,20,FALSE,FALSE
368,3.81,4.45,4.45,,1460.0,FALSE,0,0,3,FALSE,FALSE
369,,,,,,FALSE,0,0,0,FALSE,FALSE
370,,,,,,FALSE,0,0,14,TRUE,TRUE
371,,,,,,FALSE,0,0,28,TRUE,TRUE
372,3.65,3.65,3.65,,1530.0,FALSE,0,0,24,FALSE,TRUE
373,,,,,,FALSE,0,0,4,FALSE,FALSE
374,,,,,,FALSE,0,0,7,FALSE,FALSE
375,,,,,,FALSE,0,0,0,FALSE,FALSE
376,3.64,3.8,3.8,,,FALSE,0,0,11,FALSE,FALSE
377,3.5,4.26,4.29,,1550.0,FALSE,0,0,0,FALSE,FALSE
378,3.98,4.31,4.31,,1460.0,FALSE,0,0,0,FALSE,FALSE
379,4.0,4.0,4.0,,1580.0,FALSE,1,1,5,TRUE,TRUE
380,,,,34.0,1500.0,FALSE,0,0,0,FALSE,FALSE
381,4.0,4.0,4.0,,,FALSE,1,1,9,FALSE,FALSE
382,4.0,4.8,4.8,34.0,1500.0,FALSE,0,0,0,FALSE,FALSE
383,3.98,4.55,4.55,32.0,1430.0,FALSE,0,0,34,FALSE,TRUE
384,3.85,3.99,3.99,33.0,1470.0,FALSE,0,0,19,FALSE,FALSE
385,3.98,4.74,4.74,,1540.0,FALSE,0,1,18,FALSE,TRUE
386,3.8,4.4,4.7,,,FALSE,0,0,9,FALSE,TRUE
387,4.0,4.0,4.0,36.0,1590.0,FALSE,0,0,20,FALSE,FALSE
388,,,,,,FALSE,1,0,23,FALSE,FALSE
389,4.0,4.0,4.0,,,FALSE,0,0,9,FALSE,TRUE
390,4.0,4.0,4.0,34.0,1500.0,FALSE,0,1,30,FALSE,FALSE
391,3.9956,99.89,99.89,32.0,1430.0,FALSE,0,0,12,FALSE,FALSE
392,4.0,4.86,4.86,32.0,1520.0,FALSE,0,0,5,FALSE,FALSE
393,4.13,4.13,4.13,,,FALSE,0,0,12,FALSE,TRUE
394,,,,,,FALSE,0,0,8,FALSE,FALSE
395,3.6,3.6,3.6,,,FALSE,0,1,19,FALSE,FALSE
396,3.54,3.54,3.54,,1600.0,TRUE,0,0,5,TRUE,TRUE
397,4.14,4.14,4.14,,1140.0,FALSE,0,0,0,FALSE,FALSE
398,3.5,4.0,4.0,36.0,1590.0,FALSE,0,1,5,FALSE,FALSE
399,,,,,1600.0,FALSE,0,1,4,FALSE,FALSE
400,3.9,4.0,4.0,,,FALSE,0,0,16,FALSE,FALSE
401,3.8560000000000000,96.4,99.29,29.0,1340.0,FALSE,0,0,28,FALSE,TRUE
402,,,,,,FALSE,0,0,10,FALSE,FALSE
403,3.92,4.83,4.83,34.0,1470.0,FALSE,0,0,1,FALSE,FALSE
404,,,,,,FALSE,0,0,10,FALSE,FALSE
405,3.9,3.9,3.9,,1160.0,FALSE,0,0,5,FALSE,FALSE
406,,,,,,FALSE,0,0,3,FALSE,FALSE
407,,,,,,FALSE,0,0,22,FALSE,FALSE
408,,,,,,FALSE,0,0,6,FALSE,FALSE
409,4.1,4.1,4.1,33.0,1460.0,FALSE,0,0,14,FALSE,FALSE
410,4.0,4.54,4.54,,1420.0,FALSE,0,1,4,FALSE,FALSE
411,4.0,4.5,4.5,,,FALSE,0,1,0,FALSE,FALSE
412,,,,,,FALSE,0,0,19,TRUE,TRUE
413,3.06,3.06,3.06,,,FALSE,0,1,9,FALSE,FALSE
414,,,,,,FALSE,0,0,0,FALSE,FALSE
415,3.86,3.86,3.86,,1520.0,FALSE,0,0,6,FALSE,FALSE
416,,,,,1570.0,FALSE,0,0,7,FALSE,FALSE
417,,,,34.0,1500.0,FALSE,0,0,14,FALSE,FALSE
418,4.0,4.67,4.67,35.0,1560.0,FALSE,0,0,0,FALSE,FALSE
419,4.0,4.5,4.5,34.0,1500.0,FALSE,0,0,15,FALSE,FALSE
420,4.0,4.4,4.4,24.0,1140.0,FALSE,1,0,11,FALSE,FALSE
421,,,,,,FALSE,0,0,27,TRUE,TRUE
422,3.9,4.5,4.5,35.0,1550.0,FALSE,0,0,3,FALSE,FALSE
423,,,,,,FALSE,0,0,16,FALSE,FALSE
424,4.0,4.9,4.9,34.0,1570.0,FALSE,0,0,0,FALSE,FALSE
425,2.65,2.65,2.65,,1270.0,FALSE,0,0,11,FALSE,FALSE
426,,,,30.0,1300.0,FALSE,0,0,9,FALSE,FALSE
427,,,,,,FALSE,0,0,20,FALSE,FALSE
428,,,,,,TRUE,0,0,56,FALSE,TRUE
429,,,,,,FALSE,1,0,19,FALSE,FALSE
430,,,,,,FALSE,1,1,27,FALSE,FALSE
431,,,,,,FALSE,0,0,4,FALSE,FALSE
432,3.973,4.5,4.5,,,FALSE,0,1,25,FALSE,TRUE
433,4.0,4.0,4.0,34.0,1500.0,FALSE,0,1,12,FALSE,TRUE
434,,,,,,FALSE,0,1,23,FALSE,FALSE
435,3.77332,94.333,98.333,,1350.0,FALSE,0,0,16,TRUE,TRUE
436,3.7016,92.54,92.54,,1560.0,FALSE,0,1,9,FALSE,FALSE
437,,,,34.0,1500.0,FALSE,0,0,29,FALSE,TRUE
438,3.92,4.64,4.64,33.0,1480.0,FALSE,0,0,0,FALSE,FALSE
439,,,,,,FALSE,0,0,0,FALSE,FALSE
440,3.88,97.0,97.0,,,FALSE,0,0,0,FALSE,FALSE
441,3.96,4.72,4.72,,1550.0,FALSE,0,0,0,FALSE,FALSE
442,,,,29.0,1290.0,FALSE,0,0,0,FALSE,FALSE
443,4.05,4.05,5.3,32.0,1500.0,FALSE,0,1,10,FALSE,TRUE
444,3.977,4.0,4.0,,,FALSE,0,0,2,FALSE,FALSE
445,,,,,,FALSE,0,0,0,FALSE,FALSE
446,4.0,4.0,4.0,33.0,1460.0,FALSE,0,0,10,FALSE,FALSE
447,3.5,3.74,3.74,,,FALSE,0,0,15,FALSE,FALSE
448,4.0,4.0,4.0,,1290.0,FALSE,0,0,21,TRUE,TRUE
449,4.1,4.1,4.1,,,FALSE,1,1,42,FALSE,TRUE
450,4.338,4.338,4.338,,1400.0,FALSE,0,0,1,FALSE,FALSE
451,,,,,,FALSE,0,1,20,FALSE,FALSE
452,3.83,3.83,3.83,33.0,1460.0,FALSE,0,1,34,FALSE,FALSE
453,3.8216,95.54,95.54,35.0,1550.0,FALSE,0,0,4,FALSE,FALSE
454,,,,,,FALSE,0,0,43,FALSE,FALSE
455,4.75,4.75,4.75,,1480.0,FALSE,0,0,40,FALSE,FALSE
456,3.94,4.9,4.9,33.0,1530.0,FALSE,0,0,1,FALSE,FALSE
457,3.65,3.65,3.65,,1520.0,FALSE,0,0,18,TRUE,TRUE
458,3.86,3.86,3.86,21.0,1170.0,FALSE,0,0,7,FALSE,FALSE
459,4.0,5.0,5.0,36.0,1590.0,FALSE,0,0,3,FALSE,FALSE
460,3.96,4.88,4.88,31.0,1400.0,FALSE,0,0,7,FALSE,FALSE
461,4.0,4.0,4.0,,1430.0,FALSE,0,0,21,FALSE,FALSE
462,4.0,4.0,4.0,35.0,1560.0,FALSE,0,0,2,FALSE,TRUE
463,4.0,4.0,4.0,,1590.0,TRUE,0,0,4,FALSE,TRUE
464,3.89,97.25,97.25,35.0,1540.0,FALSE,0,0,20,TRUE,TRUE
465,4.22,4.22,4.22,,1510.0,FALSE,0,0,0,FALSE,FALSE
466,3.99,4.7,4.7,,1420.0,FALSE,0,1,5,TRUE,TRUE
467,3.91,4.45,4.45,34.0,1500.0,FALSE,0,1,17,FALSE,TRUE
468,3.92,4.0,4.0,,1580.0,FALSE,0,1,34,FALSE,FALSE
469,4.44,4.44,5.0,32.0,1430.0,FALSE,0,0,9,FALSE,FALSE
470,4.0,4.0,4.0,34.0,1500.0,FALSE,0,0,34,FALSE,FALSE
471,4.0,4.0,4.0,36.0,1580.0,FALSE,0,1,14,FALSE,FALSE
472,3.94,4.42,4.42,,1600.0,FALSE,0,0,9,TRUE,TRUE
473,4.0,4.41,4.41,,1570.0,FALSE,0,0,22,FALSE,TRUE
474,,,,,,FALSE,0,0,19,FALSE,TRUE
475,,,,,,FALSE,0,0,0,FALSE,FALSE
476,3.87,3.9,3.9,34.0,1500.0,FALSE,0,0,9,TRUE,TRUE
477,2.9,3.93,3.93,,,FALSE,0,0,10,FALSE,FALSE
478,,,,,,FALSE,0,0,7,FALSE,FALSE
479,3.897,4.21,4.21,,,FALSE,0,0,4,FALSE,FALSE
480,,,,32.0,1430.0,FALSE,0,1,13,FALSE,FALSE
481,,,,,,FALSE,0,0,13,FALSE,FALSE
482,,,,,,FALSE,1,0,32,FALSE,FALSE
483,,,,,,FALSE,0,0,16,TRUE,TRUE
484,,,,,,TRUE,0,1,10,FALSE,TRUE
485,4.0,4.609,5.0,36.0,1580.0,TRUE,0,1,16,FALSE,TRUE
486,3.7,4.2,4.2,,,FALSE,0,0,48,FALSE,FALSE
487,,,,,,FALSE,0,0,0,FALSE,FALSE
488,,,,,,FALSE,0,1,97,FALSE,FALSE
489,3.97,4.5,4.5,,,FALSE,0,0,6,FALSE,FALSE
490,4.0,4.0,4.0,,,FALSE,0,0,0,FALSE,FALSE
491,4.0,4.56,4.56,34.0,1490.0,FALSE,0,1,24,FALSE,TRUE
492,4.43,4.43,4.43,,,FALSE,0,0,3,FALSE,FALSE
493,,,,,,FALSE,0,0,0,FALSE,FALSE
494,,,,,,FALSE,0,0,0,FALSE,FALSE
495,,,,,,FALSE,0,0,7,FALSE,FALSE
496,,,,,1490.0,FALSE,0,0,0,FALSE,FALSE
497,,,,,,FALSE,0,0,0,FALSE,FALSE
498,,,,,,FALSE,0,0,9,TRUE,TRUE
499,,,,,,FALSE,0,0,7,FALSE,TRUE
500,,,,,,FALSE,0,0,2,FALSE,FALSE
501,,,,,,FALSE,0,0,0,FALSE,FALSE
502,4.0,4.5,4.5,35.0,1540.0,FALSE,0,0,0,FALSE,FALSE
503,,,,,,FALSE,0,0,9,TRUE,TRUE
504,4.0,5.7,5.7,,1590.0,FALSE,0,0,3,FALSE,FALSE
505,,,,,,FALSE,0,0,42,FALSE,FALSE
506,3.8,4.2,4.2,34.0,1500.0,FALSE,0,1,8,FALSE,FALSE
507,,,,,,FALSE,0,0,22,FALSE,FALSE
508,,,,,,FALSE,0,0,25,FALSE,FALSE
509,,,,,,FALSE,0,0,9,FALSE,FALSE
510,,,,,,FALSE,0,0,0,FALSE,FALSE
511,3.8,4.4,4.4,30.0,1370.0,FALSE,0,0,3,FALSE,FALSE
512,,,,,,FALSE,0,0,2,TRUE,TRUE
513,,,,,,FALSE,0,0,0,FALSE,FALSE
514,,,,,,FALSE,0,0,0,FALSE,FALSE
515,,,,,,FALSE,0,0,0,FALSE,FALSE
516,,,,,,FALSE,0,0,7,FALSE,FALSE
517,,,,,,FALSE,0,0,0,FALSE,FALSE
518,,,,,,FALSE,0,0,0,FALSE,FALSE
519,,,,,,TRUE,0,0,7,FALSE,TRUE
520,,,,,,FALSE,0,0,0,FALSE,FALSE
521,,,,,,FALSE,1,0,7,FALSE,FALSE
522,3.91,4.06,4.06,,,FALSE,0,0,0,FALSE,FALSE
523,,,,,,FALSE,0,1,8,FALSE,FALSE
524,3.777,3.777,3.777,,1500.0,FALSE,0,0,4,FALSE,FALSE
525,,,,,,FALSE,0,0,0,FALSE,FALSE
526,,,,,,FALSE,0,0,0,FALSE,FALSE
527,3.84,3.92,3.92,,,FALSE,1,0,2,FALSE,FALSE
528,3.9,4.4,4.4,,,FALSE,0,0,0,FALSE,FALSE
529,,,,,,FALSE,0,0,8,FALSE,FALSE
530,3.792,94.8,94.8,,1480.0,FALSE,0,0,0,FALSE,FALSE
531,,,,,,FALSE,0,0,0,FALSE,FALSE
532,3.68,4.58,4.58,35.0,1540.0,FALSE,0,0,0,FALSE,FALSE
533,,,,,,FALSE,0,0,0,FALSE,FALSE
534,3.96,4.31,4.31,,,FALSE,0,0,0,FALSE,FALSE
535,,,,,,FALSE,0,0,0,FALSE,FALSE
536,3.9,4.25,4.25,,,FALSE,0,0,0,FALSE,FALSE
537,4.3,4.3,4.3,,1250.0,FALSE,0,0,0,FALSE,FALSE
538,3.5,3.78,3.78,28.0,1310.0,FALSE,0,0,0,FALSE,FALSE
539,4.3,4.3,4.3,34.0,1550.0,FALSE,0,0,0,FALSE,FALSE
540,,,,29.0,1340.0,FALSE,0,0,0,FALSE,FALSE
541,4.05,4.05,4.05,,,FALSE,0,0,0,FALSE,FALSE
542,4.16,4.16,4.85,,1520.0,FALSE,0,1,0,FALSE,FALSE
543,3.85,3.85,3.85,,,FALSE,0,0,0,FALSE,FALSE
544,3.9,3.9,3.9,35.0,1540.0,FALSE,0,1,15,FALSE,TRUE
545,4.0,4.8,4.8,,1560.0,FALSE,0,0,0,FALSE,FALSE
546,4.25,4.25,5.0,,,FALSE,0,0,0,FALSE,FALSE
547,3.8080000000000000,95.2,95.2,,1550.0,FALSE,0,0,9,FALSE,FALSE
548,3.685,92.125,92.125,32.0,1430.0,FALSE,1,0,0,FALSE,FALSE
549,3.91,4.12,4.12,34.0,1500.0,FALSE,0,1,7,FALSE,FALSE
550,,,,,,FALSE,0,0,6,FALSE,FALSE
551,3.95,4.49,4.49,,,FALSE,0,1,0,FALSE,FALSE
552,,,,,,FALSE,0,0,2,FALSE,FALSE
553,3.97,3.97,3.97,,,FALSE,1,0,23,TRUE,TRUE
554,4.95,4.95,5.0,,1570.0,FALSE,0,0,12,FALSE,FALSE
555,3.9,3.9,3.9,,,FALSE,0,1,2,TRUE,TRUE
556,,,,,,FALSE,0,1,8,TRUE,TRUE
557,,,,,,FALSE,0,0,3,FALSE,TRUE
558,4.0,5.233,5.233,28.0,1290.0,FALSE,0,0,0,FALSE,FALSE
559,3.35,3.35,3.35,,,FALSE,0,0,11,FALSE,FALSE
560,4.0,4.73,4.73,,1550.0,FALSE,0,0,9,FALSE,FALSE
561,4.2,4.2,4.2,,1480.0,FALSE,0,0,0,FALSE,FALSE
562,4.34,4.34,4.34,,1580.0,FALSE,0,0,16,TRUE,TRUE
563,3.65,3.7,3.7,,,FALSE,0,0,8,FALSE,FALSE
564,3.6,3.6,3.6,30.0,1550.0,FALSE,0,0,7,FALSE,FALSE
565,4.0,4.42,4.71,,1600.0,FALSE,0,1,8,FALSE,FALSE
566,4.0,4.5,4.5,,,FALSE,0,0,10,FALSE,FALSE
567,,,,,,FALSE,0,1,22,FALSE,TRUE
568,4.0,4.5,4.5,,1550.0,FALSE,0,1,15,FALSE,FALSE
569,3.98,3.98,3.98,,,FALSE,0,0,4,FALSE,TRUE
570,4.0,5.0,5.0,,,FALSE,0,1,12,FALSE,FALSE
571,,,,,1550.0,FALSE,0,1,14,FALSE,TRUE
572,,,,,,FALSE,0,0,12,TRUE,TRUE
573,,,,,,FALSE,0,0,7,FALSE,TRUE
574,,,,,,FALSE,0,0,9,FALSE,FALSE
575,3.95,4.56,4.56,29.0,1340.0,FALSE,0,0,5,FALSE,FALSE
576,3.41,3.41,3.41,31.0,1320.0,FALSE,0,0,8,FALSE,FALSE
577,3.81,3.92,3.92,,1530.0,FALSE,0,1,15,TRUE,TRUE
578,4.0,4.8,4.8,,1530.0,FALSE,0,0,0,FALSE,FALSE
579,3.9,4.4,4.4,,1570.0,FALSE,0,0,9,FALSE,TRUE
580,4.56,4.56,4.56,,,TRUE,0,0,5,FALSE,TRUE
581,3.96,4.85,4.85,,,FALSE,0,0,9,FALSE,FALSE
582,3.92,3.92,3.92,,1510.0,FALSE,0,0,7,FALSE,TRUE
583,,,,,,FALSE,0,0,0,FALSE,FALSE
584,3.81,4.25,4.25,33.0,1460.0,FALSE,0,0,0,FALSE,FALSE
585,3.8,3.8,3.8,26.0,1120.0,FALSE,0,0,0,FALSE,FALSE
586,3.24,3.37,3.37,,,TRUE,1,0,14,TRUE,TRUE
587,,,,,,FALSE,0,1,6,FALSE,FALSE
588,4.0,4.0,4.0,,1360.0,FALSE,1,0,14,FALSE,FALSE
589,,,,33.0,1460.0,FALSE,0,0,6,FALSE,FALSE
590,3.9648,99.12,99.12,,1560.0,FALSE,0,0,20,FALSE,FALSE
591,3.98,95.37,95.37,,,FALSE,0,1,3,FALSE,FALSE
592,3.832,95.8,95.8,,,FALSE,0,1,6,FALSE,FALSE
593,4.5,4.5,4.5,36.0,1590.0,FALSE,0,1,13,FALSE,FALSE
594,4.1,4.1,4.1,32.0,1430.0,FALSE,0,0,13,TRUE,TRUE
595,3.92,3.92,3.92,,1590.0,FALSE,0,0,0,FALSE,FALSE
596,2.5,15.5,15.5,,,FALSE,0,1,18,FALSE,FALSE
597,3.89,3.89,3.89,,,FALSE,0,0,3,FALSE,TRUE
598,3.656,91.4,91.8,,,TRUE,0,0,8,FALSE,TRUE
599,3.9,4.3,4.3,,1430.0,FALSE,1,0,3,TRUE,TRUE
600,4.0,4.22,4.22,,1470.0,TRUE,0,0,1,FALSE,TRUE
601,,,,,,FALSE,0,0,0,FALSE,FALSE
602,3.9,3.9,3.9,,1490.0,FALSE,0,0,10,FALSE,FALSE
603,4.0,4.6,4.6,34.0,1500.0,FALSE,0,0,13,FALSE,FALSE
604,4.0,4.0,4.0,,,FALSE,0,0,4,FALSE,FALSE
605,4.0,4.0,4.0,,1580.0,FALSE,0,0,10,FALSE,FALSE
606,3.72,3.72,3.72,,,FALSE,0,1,13,FALSE,FALSE
607,3.9,4.35,4.35,,1570.0,FALSE,0,0,7,TRUE,TRUE
608,4.0,4.0,4.0,,1430.0,FALSE,0,0,4,FALSE,FALSE
609,,,,,,FALSE,0,0,8,FALSE,FALSE
610,3.5,4.0,4.0,,1540.0,FALSE,0,0,2,FALSE,FALSE
611,6.3,6.3,7.0,35.0,1540.0,FALSE,0,0,0,FALSE,FALSE
612,3.64,4.02,4.02,29.0,1340.0,FALSE,0,0,14,FALSE,FALSE
613,,,,,,FALSE,0,0,12,FALSE,FALSE
614,,,,,1390.0,FALSE,0,0,11,FALSE,FALSE
615,,,,,,FALSE,0,0,9,FALSE,FALSE
616,,,,,,FALSE,0,0,10,FALSE,FALSE
617,3.96,6.4,6.4,,1490.0,FALSE,1,0,2,FALSE,FALSE
618,3.65,4.03,4.12,,1560.0,FALSE,0,0,3,TRUE,TRUE
619,4.0,4.57,4.63,35.0,1560.0,FALSE,0,1,11,FALSE,FALSE
620,3.9,4.7,4.7,34.0,1520.0,FALSE,0,0,8,FALSE,FALSE
621,3.86,4.89,4.89,34.0,1500.0,TRUE,1,1,7,FALSE,TRUE
622,4.3,4.3,4.4,,1480.0,FALSE,0,1,11,FALSE,FALSE
623,,,,,1510.0,FALSE,0,0,14,FALSE,TRUE
624,4.2,4.2,4.2,,,FALSE,0,1,16,FALSE,FALSE
625,3.9,4.5,4.5,,,FALSE,0,0,12,FALSE,TRUE
626,,,,33.0,1460.0,FALSE,0,0,12,FALSE,FALSE
627,3.71,4.07,4.07,,,FALSE,0,0,34,FALSE,FALSE
628,3.7880000000000000,94.7,94.7,,,FALSE,0,0,19,FALSE,TRUE
629,4.0,4.0,4.0,,1540.0,FALSE,0,0,16,FALSE,FALSE
630,,,,,,FALSE,0,0,0,FALSE,FALSE
631,,,,,,FALSE,0,0,3,FALSE,FALSE
632,4.48,4.48,5.0,,1520.0,FALSE,1,0,21,FALSE,FALSE
633,3.88,4.3,4.3,,1570.0,FALSE,0,0,23,TRUE,TRUE
634,2.8,2.95,2.95,,1270.0,FALSE,0,1,12,FALSE,FALSE
635,,,,,,FALSE,0,0,8,FALSE,FALSE
636,3.65,3.65,3.65,33.0,1450.0,FALSE,0,0,13,FALSE,FALSE
637,,,,,,TRUE,0,0,20,TRUE,TRUE
638,3.88,4.2,4.2,,,FALSE,0,0,2,FALSE,FALSE
639,4.8,4.8,5.8,35.0,1540.0,FALSE,0,1,21,FALSE,FALSE
640,3.9,3.9,3.9,,1560.0,FALSE,0,1,21,FALSE,TRUE
641,,,,,,FALSE,0,0,13,FALSE,FALSE
642,3.5,3.8,3.8,35.0,1460.0,FALSE,0,0,4,FALSE,FALSE
643,,,,,,FALSE,0,0,4,FALSE,FALSE
644,,,,,,TRUE,0,0,8,FALSE,TRUE
645,,,,,,FALSE,0,0,3,FALSE,FALSE
646,3.96,4.0,4.0,33.0,1460.0,FALSE,0,0,4,TRUE,TRUE
647,,,,,,FALSE,0,1,26,FALSE,FALSE
648,,,,,,FALSE,0,1,38,FALSE,FALSE
649,3.96,4.56,4.56,36.0,1530.0,FALSE,1,0,23,TRUE,TRUE
650,3.97,3.97,3.97,,1470.0,FALSE,0,1,11,FALSE,FALSE
651,,,,,,FALSE,0,0,4,FALSE,FALSE
652,,,,35.0,1510.0,FALSE,0,1,4,FALSE,FALSE
653,3.97,4.39,5.0,,1540.0,FALSE,0,0,13,FALSE,FALSE
654,4.0,4.5,4.5,,,FALSE,0,0,21,TRUE,TRUE
655,3.75,4.76,4.76,,1560.0,FALSE,0,0,25,FALSE,FALSE
656,4.0,4.0,4.0,32.0,1430.0,FALSE,0,0,15,FALSE,FALSE
657,,,,,1550.0,FALSE,0,0,19,FALSE,FALSE
658,,,,73.0,1560.0,FALSE,0,0,18,FALSE,FALSE
659,3.67,4.05,4.05,,1510.0,FALSE,0,0,7,FALSE,FALSE
660,4.0,4.15,4.15,,1580.0,FALSE,0,0,0,FALSE,FALSE
661,3.95,4.3,4.3,34.0,1480.0,FALSE,0,0,0,FALSE,FALSE
662,3.9,4.26,4.65,,1520.0,FALSE,0,0,0,FALSE,FALSE
663,3.8,4.3,4.3,,,FALSE,0,0,0,FALSE,FALSE
664,3.3,3.3,3.3,,,FALSE,0,0,14,FALSE,FALSE
665,,,,34.0,1500.0,FALSE,0,1,6,FALSE,FALSE
666,4.0,4.0,4.0,,,FALSE,0,0,11,FALSE,FALSE
667,3.694,92.35,92.35,35.0,1540.0,FALSE,0,0,31,FALSE,FALSE
668,4.0,4.9,5.2,,1390.0,FALSE,0,0,0,FALSE,FALSE
669,4.0,4.84,4.84,36.0,1570.0,FALSE,0,0,34,FALSE,FALSE
670,,,,,,FALSE,0,0,0,FALSE,FALSE
671,4.4,4.4,4.4,,,TRUE,0,1,57,FALSE,TRUE
672,,,,,,FALSE,0,1,20,FALSE,FALSE
673,3.3,3.6,3.6,,,FALSE,0,0,5,FALSE,FALSE
674,3.82,3.82,3.82,,1500.0,FALSE,0,0,12,FALSE,FALSE
675,4.0,5.0,5.0,,1400.0,FALSE,0,1,25,FALSE,FALSE
676,3.8,4.25,4.25,28.0,1400.0,FALSE,0,0,0,FALSE,FALSE
677,2.9,3.4,3.4,,,FALSE,0,0,0,FALSE,FALSE
678,,,,,,FALSE,0,0,4,FALSE,FALSE
679,,,,,,FALSE,1,1,28,FALSE,FALSE
680,,,,,,FALSE,0,0,0,FALSE,FALSE
681,3.9,4.8,4.8,33.0,1500.0,FALSE,0,0,0,FALSE,FALSE
682,3.85,4.38,4.38,,1480.0,FALSE,0,0,14,FALSE,TRUE
683,4.7,4.7,4.7,,,FALSE,0,0,7,FALSE,FALSE
684,3.7,4.3,4.3,,1420.0,FALSE,0,0,0,FALSE,FALSE
685,3.56,4.0,4.0,35.0,1540.0,FALSE,0,0,15,FALSE,FALSE
686,3.47,4.09,4.09,32.0,1430.0,FALSE,0,0,21,FALSE,FALSE
687,3.98,4.68,4.68,36.0,1590.0,FALSE,0,0,13,FALSE,FALSE
688,3.9,4.7,4.7,31.0,1400.0,FALSE,0,0,28,TRUE,TRUE
689,3.9,3.9,3.9,,,FALSE,1,0,29,FALSE,FALSE
690,3.94,4.54,4.54,31.0,1400.0,FALSE,0,0,23,FALSE,FALSE
691,4.44,4.44,4.44,,,FALSE,0,0,4,FALSE,FALSE
692,,,,,,FALSE,0,0,14,FALSE,FALSE
693,,,,,,TRUE,1,0,35,FALSE,TRUE
694,4.0,4.0,4.0,,,FALSE,0,0,15,FALSE,FALSE
695,4.0,4.8,4.8,,,FALSE,0,0,13,FALSE,FALSE
696,,,,,,FALSE,0,1,29,FALSE,FALSE
697,,,,,,FALSE,0,0,16,FALSE,FALSE
698,3.65,4.3,4.3,35.0,1500.0,FALSE,0,0,10,FALSE,FALSE
699,4.5,4.5,4.5,,1580.0,FALSE,0,1,33,TRUE,TRUE
700,,,,,1570.0,FALSE,0,0,25,FALSE,FALSE
701,4.0,7.72,7.72,36.0,1570.0,FALSE,0,1,19,FALSE,FALSE
702,4.0,4.0,4.0,,1520.0,FALSE,0,1,18,TRUE,TRUE
703,3.85,5.13,5.13,31.0,1400.0,FALSE,0,0,0,FALSE,FALSE
704,3.95,5.45,6.0,,1600.0,FALSE,0,0,27,FALSE,FALSE
705,4.0,4.5,4.5,,,FALSE,0,0,0,FALSE,FALSE
706,,,,,,FALSE,0,0,5,FALSE,FALSE
707,,,,,,FALSE,0,0,7,FALSE,FALSE
708,3.74,3.74,3.74,33.0,1510.0,FALSE,0,0,36,FALSE,FALSE
709,4.33,4.33,4.97,30.0,1370.0,FALSE,0,0,19,FALSE,FALSE
710,4.0,4.0,4.0,36.0,1590.0,FALSE,0,0,9,FALSE,FALSE
711,3.66,3.76,3.76,34.0,1500.0,FALSE,0,0,0,FALSE,FALSE
712,3.98,4.72,4.72,33.0,1540.0,FALSE,1,0,3,FALSE,FALSE
713,4.0,4.8,4.8,,1580.0,FALSE,0,0,0,FALSE,FALSE
714,,,,32.0,1430.0,FALSE,0,0,14,FALSE,FALSE
715,,,,35.0,1570.0,FALSE,0,0,10,FALSE,TRUE
716,3.92,99.5,99.5,35.0,1540.0,FALSE,0,0,12,FALSE,FALSE
717,4.0,4.0,4.0,35.0,1540.0,TRUE,0,0,9,FALSE,TRUE
718,3.98,4.56,4.56,,1600.0,FALSE,0,1,16,FALSE,FALSE
719,3.93,4.5,4.5,,,FALSE,0,0,30,FALSE,FALSE
720,,,,,,FALSE,0,0,11,FALSE,FALSE
721,,,,35.0,1540.0,FALSE,0,0,11,FALSE,FALSE
722,3.7796,94.49,96.56,,1530.0,FALSE,0,1,2,FALSE,FALSE
723,4.3,4.3,4.3,33.0,1490.0,FALSE,0,0,6,FALSE,FALSE
724,,,,35.0,1540.0,FALSE,0,0,8,TRUE,TRUE
725,,,,,,FALSE,1,0,16,FALSE,TRUE
726,3.99,4.0,4.0,,,FALSE,0,0,0,FALSE,FALSE
727,4.0,98.5,98.5,34.0,1560.0,FALSE,0,0,0,FALSE,FALSE
728,3.8,4.39,4.39,35.0,1540.0,FALSE,0,0,7,TRUE,TRUE
729,3.7,4.1,4.1,34.0,1520.0,FALSE,0,0,11,TRUE,TRUE
730,4.9,4.9,4.9,,,FALSE,0,1,14,FALSE,TRUE
731,3.62,3.62,3.62,,1510.0,FALSE,0,0,0,FALSE,FALSE
732,3.7,4.15,4.15,32.0,1450.0,FALSE,0,0,5,FALSE,FALSE
733,4.0,4.6,4.6,30.0,1370.0,FALSE,0,0,7,TRUE,TRUE
734,4.9,4.9,4.9,,1540.0,FALSE,0,0,11,TRUE,TRUE
735,3.96,4.48,4.48,,1480.0,FALSE,0,0,24,TRUE,TRUE
736,4.23,4.23,4.23,,,FALSE,0,0,19,FALSE,TRUE
737,,,,,,FALSE,0,0,4,FALSE,FALSE
738,,,,,1510.0,FALSE,0,0,16,FALSE,FALSE
739,3.84,3.9,3.9,35.0,1540.0,FALSE,0,0,14,FALSE,FALSE
740,3.73,4.01,4.01,,1440.0,FALSE,0,0,0,FALSE,FALSE
741,3.02,3.59,3.59,33.0,1460.0,FALSE,0,0,0,FALSE,FALSE
742,3.8,4.2,4.2,,,FALSE,1,0,6,FALSE,FALSE
743,4.0,95.5,95.5,,1570.0,FALSE,0,0,10,TRUE,TRUE
744,3.99,3.99,3.99,,,TRUE,0,0,7,FALSE,TRUE
745,4.0,4.2,4.8,34.0,1500.0,FALSE,0,0,15,FALSE,TRUE
746,,,,,1570.0,FALSE,0,0,26,FALSE,TRUE
747,3.62,3.62,3.62,33.0,1510.0,FALSE,1,0,17,FALSE,TRUE
748,4.0,4.31,4.33,,1580.0,FALSE,0,0,18,TRUE,TRUE
749,3.88,4.5,4.5,31.0,1460.0,FALSE,0,0,20,FALSE,FALSE
750,4.0,4.0,4.0,32.0,1430.0,FALSE,0,0,22,FALSE,FALSE
751,,,,,,FALSE,1,1,25,TRUE,TRUE
752,,,,,,FALSE,1,0,7,FALSE,FALSE
753,3.83,3.83,3.83,30.0,1370.0,FALSE,0,0,18,FALSE,TRUE
754,,,,,,FALSE,0,0,0,FALSE,FALSE
755,,,,,,FALSE,0,0,2,FALSE,FALSE
756,3.5,87.6,92.71,15.0,1530.0,FALSE,0,0,15,FALSE,FALSE
757,4.0,4.6,4.6,34.0,1500.0,FALSE,0,0,10,TRUE,TRUE
758,,,,,,FALSE,0,1,25,TRUE,TRUE
759,3.75,4.18,4.18,35.0,1540.0,FALSE,0,0,4,TRUE,TRUE
760,3.96,4.5,4.5,35.0,1520.0,FALSE,0,0,0,FALSE,FALSE
761,3.9,4.36,4.42,,,FALSE,0,0,7,TRUE,TRUE
762,4.0,4.0,4.0,,,FALSE,1,0,16,TRUE,TRUE
763,3.58,4.0,4.0,35.0,1540.0,FALSE,0,0,28,FALSE,FALSE
764,3.61,4.1,4.1,,,FALSE,0,0,4,FALSE,FALSE
765,3.4,3.6,3.6,33.0,1460.0,FALSE,0,0,3,FALSE,FALSE
766,,,,31.0,1400.0,FALSE,0,0,1,FALSE,FALSE
767,3.85,3.85,3.85,,1560.0,FALSE,0,0,6,FALSE,FALSE
768,3.4,3.9,3.9,33.0,1460.0,FALSE,0,0,12,FALSE,FALSE
769,3.3,4.0,4.0,,1560.0,FALSE,0,0,4,FALSE,FALSE
770,,,,,,FALSE,0,0,11,FALSE,FALSE
771,3.81,3.81,3.81,,1030.0,FALSE,0,0,5,FALSE,FALSE
772,3.98,3.98,3.98,33.0,1560.0,FALSE,0,0,4,FALSE,FALSE
773,3.9,4.0,4.0,35.0,1460.0,FALSE,0,0,10,FALSE,FALSE
774,3.99,3.99,3.99,25.0,1210.0,FALSE,0,1,37,FALSE,FALSE
775,3.9,3.9,3.9,28.0,1310.0,FALSE,0,0,5,FALSE,FALSE
776,4.0,4.0,4.0,,,FALSE,0,0,6,FALSE,FALSE
777,4.6,4.6,4.6,,1590.0,FALSE,0,0,4,FALSE,FALSE
778,4.61,4.61,4.61,,1600.0,FALSE,1,1,36,FALSE,TRUE
779,3.9,3.9,3.9,,1550.0,FALSE,0,0,8,FALSE,FALSE
780,,,,,,FALSE,1,0,25,FALSE,TRUE
781,3.8172,95.43,95.43,28.0,1450.0,FALSE,0,0,1,FALSE,FALSE
782,4.0,4.0,4.0,34.0,1420.0,FALSE,0,0,12,FALSE,FALSE
783,4.6,4.6,4.7,,1570.0,FALSE,0,1,35,FALSE,FALSE
784,3.8,4.44,4.44,,1520.0,FALSE,0,0,8,FALSE,TRUE
785,,,,,,FALSE,0,0,12,FALSE,TRUE
786,4.0,4.8,4.8,36.0,1600.0,FALSE,0,0,3,FALSE,FALSE
787,3.65,3.8,3.8,,1470.0,FALSE,0,0,0,FALSE,FALSE
788,3.44,3.86,3.86,33.0,1490.0,FALSE,1,0,18,FALSE,FALSE
789,3.8,3.8,3.8,30.0,1370.0,FALSE,0,0,16,FALSE,FALSE
790,4.0,4.3,4.3,,,FALSE,0,0,0,FALSE,FALSE
791,3.8,5.8,6.0,34.0,1580.0,FALSE,0,0,0,FALSE,FALSE
792,4.0,4.5,4.5,36.0,1590.0,FALSE,0,0,21,FALSE,FALSE
793,3.96,4.42,4.42,,,FALSE,0,0,28,TRUE,TRUE
794,3.45,3.45,3.45,,1480.0,FALSE,0,0,0,FALSE,FALSE
795,3.96,4.46,4.5,,1580.0,FALSE,0,1,21,FALSE,TRUE
796,4.0,4.59,4.59,,,FALSE,0,1,7,FALSE,FALSE
797,4.0,4.0,4.0,35.0,1510.0,FALSE,0,0,24,FALSE,TRUE
798,,,,33.0,1520.0,FALSE,0,0,23,TRUE,TRUE
799,,,,27.0,1280.0,FALSE,0,0,2,TRUE,TRUE
800,3.98,4.48,4.48,35.0,1540.0,FALSE,0,0,23,FALSE,FALSE
801,3.7,4.3,4.3,,,FALSE,0,0,23,FALSE,FALSE
802,4.0,4.0,4.0,,,FALSE,0,0,5,TRUE,TRUE
803,,,,44.0,1560.0,FALSE,0,0,5,FALSE,FALSE
804,3.95,3.95,3.95,,,FALSE,0,0,11,FALSE,FALSE
805,,,,,,FALSE,0,0,10,TRUE,TRUE
806,3.89,4.28,4.28,,1230.0,FALSE,0,0,0,FALSE,FALSE
807,4.0,4.3,4.3,,,FALSE,0,0,4,FALSE,FALSE
808,,,,33.0,1470.0,FALSE,0,0,12,FALSE,FALSE
809,3.66,3.78,3.78,33.0,1460.0,FALSE,0,0,18,FALSE,FALSE
810,3.97,3.97,3.97,,1570.0,FALSE,0,1,8,FALSE,FALSE
811,3.93,4.5,4.5,33.0,1490.0,FALSE,0,1,6,FALSE,FALSE
812,3.9,4.0,4.0,33.0,1460.0,TRUE,0,0,10,FALSE,TRUE
813,3.9,3.9,3.9,,1510.0,TRUE,0,0,17,TRUE,TRUE
814,3.85,4.6,4.6,23.0,1140.0,FALSE,0,0,3,FALSE,TRUE
815,3.98,4.57,4.57,35.0,1520.0,FALSE,0,0,5,FALSE,FALSE
816,4.0,4.0,4.0,,1530.0,FALSE,0,0,0,FALSE,FALSE
817,3.24,3.76,3.76,30.0,1370.0,FALSE,0,0,10,FALSE,FALSE
818,3.9,4.0,4.0,,1590.0,FALSE,0,1,15,FALSE,TRUE
819,3.88,4.38,4.58,,1500.0,FALSE,0,0,5,FALSE,TRUE
820,4.0,4.4,4.4,35.0,1590.0,FALSE,0,0,19,FALSE,FALSE
821,2.95,4.5,4.5,,,FALSE,0,0,39,FALSE,FALSE
822,,,,,,TRUE,0,0,21,FALSE,TRUE
823,4.0,4.6,4.6,34.0,1500.0,FALSE,0,1,11,FALSE,FALSE
824,4.0,4.0,4.0,,,FALSE,0,0,3,FALSE,FALSE
825,3.5,3.5,3.5,,1280.0,FALSE,0,0,5,FALSE,FALSE
826,3.7,3.7,3.7,34.0,1500.0,FALSE,0,0,10,TRUE,TRUE
827,3.3,3.3,3.3,25.0,1190.0,FALSE,0,1,17,FALSE,FALSE
828,3.91,4.54,4.54,29.0,1340.0,FALSE,0,1,19,FALSE,FALSE
829,3.92,3.92,3.92,,1490.0,FALSE,0,0,18,FALSE,FALSE
830,,,,,1510.0,FALSE,0,0,1,FALSE,FALSE
831,,,,27.0,1280.0,FALSE,0,1,7,FALSE,FALSE
832,,,,,,FALSE,0,0,8,TRUE,TRUE
833,3.8,4.5,4.5,32.0,1430.0,FALSE,0,0,26,FALSE,FALSE
834,,,,,,FALSE,0,0,11,FALSE,FALSE
835,4.0,4.0,4.0,35.0,1540.0,FALSE,0,1,12,FALSE,TRUE
836,3.1,5.07,6.0,,,FALSE,0,0,23,FALSE,FALSE
837,3.24,3.85,3.85,,1210.0,FALSE,0,0,13,FALSE,FALSE
838,,,,36.0,1590.0,FALSE,1,0,15,TRUE,TRUE
839,3.818,4.83,4.83,33.0,1460.0,FALSE,0,0,5,FALSE,FALSE
840,3.95,3.95,3.95,34.0,1500.0,FALSE,0,1,2,FALSE,FALSE
841,3.0,3.0,3.0,,,FALSE,0,0,0,FALSE,FALSE
842,3.92,3.92,3.92,33.0,1460.0,FALSE,0,0,14,FALSE,FALSE
843,3.71,3.71,3.71,28.0,1310.0,FALSE,0,0,11,FALSE,FALSE
844,4.0,4.6,4.6,36.0,1590.0,FALSE,0,0,2,FALSE,FALSE
845,3.55,4.05,4.05,31.0,1400.0,FALSE,0,0,10,FALSE,FALSE
846,,,,32.0,1600.0,FALSE,0,0,12,FALSE,TRUE
847,3.81,4.6,4.6,,,FALSE,0,0,3,FALSE,TRUE
848,3.95,3.95,3.95,,,FALSE,0,0,16,TRUE,TRUE
849,3.81,3.81,3.81,34.0,1470.0,FALSE,1,0,17,TRUE,TRUE
850,3.25,3.55,3.55,27.0,1230.0,FALSE,0,1,8,FALSE,FALSE
851,3.03,3.4,3.4,,1220.0,FALSE,0,0,15,FALSE,FALSE
852,4.5,4.5,4.5,36.0,1560.0,FALSE,0,0,23,FALSE,FALSE
853,4.0,4.4,4.4,35.0,1540.0,FALSE,0,1,14,FALSE,FALSE
854,,,,,,FALSE,1,0,30,TRUE,TRUE
855,,,,25.0,1330.0,FALSE,0,0,12,FALSE,TRUE
856,3.86,3.86,3.86,,1250.0,FALSE,0,0,7,FALSE,FALSE
857,3.95,4.71,5.0,33.0,1550.0,FALSE,0,1,19,FALSE,FALSE
858,3.95,3.95,3.95,,1550.0,FALSE,0,0,0,FALSE,FALSE
859,4.0,4.6,4.6,32.0,1500.0,FALSE,0,0,14,TRUE,TRUE
860,3.79,3.79,3.79,32.0,1430.0,FALSE,1,0,9,FALSE,FALSE
861,4.0,4.532,4.532,32.0,1580.0,FALSE,0,0,5,FALSE,FALSE
862,3.9,4.4,4.4,,1590.0,FALSE,0,1,9,FALSE,FALSE
863,3.3,3.8,3.8,32.0,1430.0,FALSE,0,1,10,FALSE,FALSE
864,4.0,4.26,4.26,35.0,1540.0,FALSE,0,1,5,FALSE,FALSE
865,3.78,3.78,3.78,28.0,1500.0,FALSE,0,0,6,FALSE,FALSE
866,,,,,1550.0,FALSE,0,0,22,FALSE,FALSE
867,,,,,1290.0,FALSE,0,1,11,FALSE,FALSE
868,4.0,4.0,4.0,,,FALSE,0,0,0,FALSE,FALSE
869,4.0,4.0,4.0,29.0,1510.0,FALSE,0,0,5,FALSE,FALSE
870,4.0,4.0,4.0,35.0,1540.0,FALSE,0,0,6,FALSE,FALSE
871,3.68,4.48,4.48,,,FALSE,0,0,21,FALSE,FALSE
872,,,,,,FALSE,0,0,11,FALSE,FALSE
873,3.86,3.86,3.86,,1530.0,FALSE,0,0,2,FALSE,FALSE
874,3.8,4.06,4.06,32.0,1510.0,FALSE,0,0,18,FALSE,FALSE
875,3.94,98.5,98.5,,1540.0,FALSE,0,0,20,FALSE,TRUE
876,4.0,4.0,4.0,,,FALSE,0,0,3,FALSE,TRUE
877,3.56,4.4,4.4,34.0,1460.0,FALSE,0,0,5,FALSE,FALSE
878,,,,,,FALSE,0,0,20,FALSE,FALSE
879,3.91,4.51,4.51,33.0,1520.0,FALSE,0,0,7,FALSE,FALSE
880,3.9,3.9,3.9,36.0,1580.0,TRUE,0,0,21,FALSE,TRUE
881,3.904,4.7780000000000000,4.7780000000000000,,,FALSE,0,1,5,FALSE,FALSE
882,3.792,94.8,95.02,33.0,1560.0,FALSE,0,0,2,FALSE,FALSE
883,,,,,,FALSE,0,0,29,FALSE,FALSE
884,,,,,,FALSE,0,0,8,TRUE,TRUE
885,4.0,4.0,4.0,30.0,1410.0,FALSE,0,0,23,FALSE,FALSE
886,3.97,4.67,4.67,,,FALSE,1,0,13,FALSE,FALSE
887,,,,,1520.0,FALSE,0,0,7,FALSE,FALSE
888,4.0,4.7,4.7,,,FALSE,0,0,4,TRUE,TRUE
889,,,,,1540.0,FALSE,0,1,4,FALSE,FALSE
890,3.96,4.53,4.53,35.0,1580.0,FALSE,0,0,0,FALSE,FALSE
891,4.2,4.2,4.2,,,FALSE,0,0,10,FALSE,FALSE
892,4.0,4.7,4.7,,,FALSE,0,0,30,FALSE,FALSE
893,3.65,4.9,4.9,35.0,1540.0,FALSE,0,0,57,FALSE,FALSE
894,4.0,4.0,4.0,,1590.0,TRUE,0,0,16,TRUE,TRUE
895,3.72,4.05,4.05,,,FALSE,0,1,13,FALSE,FALSE
896,3.4,4.39,4.39,35.0,1540.0,FALSE,0,1,3,FALSE,FALSE
897,,,,32.0,1350.0,FALSE,0,0,9,FALSE,TRUE
898,4.67,4.67,4.67,30.0,1230.0,FALSE,1,0,4,FALSE,TRUE
899,4.0,4.0,4.0,33.0,1460.0,FALSE,0,0,13,FALSE,FALSE
900,3.85,4.35,4.35,,1510.0,FALSE,0,0,9,FALSE,FALSE
901,4.0,4.0,4.0,,1580.0,FALSE,1,1,20,FALSE,FALSE
902,3.66,4.15,4.15,,1420.0,FALSE,0,0,31,FALSE,TRUE
903,3.8,4.9,4.9,32.0,1430.0,FALSE,0,0,11,FALSE,FALSE
904,3.77,4.68,4.68,,,FALSE,1,0,3,TRUE,TRUE
905,3.9,4.15,4.5,27.0,1400.0,FALSE,0,1,22,FALSE,FALSE
906,3.8,3.8,3.8,33.0,1430.0,FALSE,0,0,5,FALSE,FALSE
907,,,,,,FALSE,0,0,24,FALSE,FALSE
908,,,,,,FALSE,0,0,30,TRUE,TRUE
909,3.78,4.018,4.018,,,FALSE,0,0,4,FALSE,FALSE
910,3.55,3.86,3.86,32.0,1450.0,FALSE,0,0,10,FALSE,FALSE
911,3.883,3.883,3.883,,,FALSE,0,0,12,FALSE,FALSE
912,3.89,3.89,3.89,33.0,1540.0,TRUE,0,0,27,FALSE,TRUE
913,4.0,4.0,4.0,,,FALSE,0,1,20,FALSE,TRUE
914,3.67,3.67,3.67,32.0,1430.0,FALSE,0,0,4,FALSE,TRUE
915,3.9,4.7,4.7,33.0,1460.0,FALSE,0,0,12,FALSE,TRUE
916,3.78,4.018,4.018,,,FALSE,0,0,18,FALSE,FALSE
917,3.96,4.52,4.52,35.0,1580.0,FALSE,0,1,21,FALSE,FALSE
918,3.26,3.26,3.26,,1460.0,FALSE,0,0,12,FALSE,FALSE
919,3.85,4.26,4.26,34.0,1500.0,FALSE,0,0,4,FALSE,FALSE
920,3.85,4.5,4.5,27.0,1400.0,FALSE,0,0,4,FALSE,FALSE
921,,,,,,FALSE,1,0,10,FALSE,FALSE
922,3.67,3.67,3.67,32.0,1430.0,FALSE,0,0,10,FALSE,FALSE
923,3.98,4.6,4.6,26.0,1250.0,FALSE,0,0,0,FALSE,FALSE
924,3.75,3.75,3.75,30.0,1370.0,FALSE,0,0,23,FALSE,TRUE
925,4.54,4.54,4.54,,,FALSE,0,0,18,FALSE,FALSE
926,,,,,,FALSE,0,1,34,TRUE,TRUE
927,,,,,,FALSE,0,1,19,FALSE,FALSE
928,3.91,4.51,4.51,33.0,1520.0,FALSE,0,0,13,FALSE,TRUE
929,3.7,5.0,5.0,28.0,1430.0,FALSE,0,1,13,TRUE,TRUE
930,3.94,3.94,3.94,,,FALSE,0,1,17,TRUE,TRUE
931,3.9,3.9,3.9,,,FALSE,0,0,17,TRUE,TRUE
932,3.8,3.8,3.8,,,FALSE,0,0,19,TRUE,TRUE
933,3.6808,92.02,92.02,,,FALSE,0,1,10,FALSE,FALSE
934,3.6,4.2,4.2,,,FALSE,0,0,9,FALSE,FALSE
935,,,,,,FALSE,0,0,16,FALSE,FALSE
936,3.98,4.56,4.56,34.0,1420.0,TRUE,0,0,24,FALSE,TRUE
937,,,,35.0,1540.0,FALSE,0,0,15,FALSE,FALSE
938,3.9,4.0,4.0,,1580.0,FALSE,0,0,6,FALSE,FALSE
939,,,,,,FALSE,0,0,18,FALSE,TRUE